<?xml version="1.0" encoding="UTF-8"?>
<project-private xmlns="http://www.netbeans.org/ns/project-private/1">
    <editor-bookmarks xmlns="http://www.netbeans.org/ns/editor-bookmarks/2" lastBookmarkId="0"/>
    <open-files xmlns="http://www.netbeans.org/ns/projectui-open-files/2">
        <group>
            <file>file:/C:/Users/LENOVO/Documents/Universidad%20Central/Cuatri%20III%202025/Estructura%20de%20datos%20y%20algoritmos/Laboratorios/Lab3/src/lab3/Lab3.java</file>
            <file>file:/C:/Users/LENOVO/Documents/Universidad%20Central/Cuatri%20III%202025/Estructura%20de%20datos%20y%20algoritmos/Laboratorios/Lab3/src/poo/Carro.java</file>
            <file>file:/C:/Users/LENOVO/Documents/Universidad%20Central/Cuatri%20III%202025/Estructura%20de%20datos%20y%20algoritmos/Laboratorios/Lab3/src/poo/Garaje.java</file>
            <file>file:/C:/Users/LENOVO/Documents/Universidad%20Central/Cuatri%20III%202025/Estructura%20de%20datos%20y%20algoritmos/Laboratorios/Lab3/src/poo/Carretera.java</file>
        </group>
    </open-files>
</project-private>
